"escuela","departamento","sector","zona","nivel_socioeconomico","asistencia_pct","experiencia_docente","tamano_clase","presupuesto_alumno","computadoras_alumno","horas_semanales","formacion_docente_pct","puntaje_prueba"
"escuela_001","Paysandú","publico","rural",61.5,96.2,23.5,19,1069,0.49,26.3,63.6,566.3
"escuela_002","Montevideo","publico","urbana",52.5,91,2.3,24,1383,0.64,31,78.1,554.8
"escuela_003","Montevideo","publico","rural",48,92.7,8.1,27,821,0.12,37.1,53.3,502.2
"escuela_004","Rivera","publico","rural",55.2,85,19.9,23,996,0.51,28.7,41.3,568.5
"escuela_005","Paysandú","publico","urbana",48.6,91.4,19.9,34,1068,0.57,30.2,71.9,479
"escuela_006","Tacuarembó","publico","rural",45,82.6,10.9,28,1285,0.77,33.8,61.1,484.3
"escuela_007","Maldonado","publico","urbana",47,89.2,4.2,23,1034,0.81,37.3,86.3,511.7
"escuela_008","Salto","publico","rural",43.1,86.1,8.1,24,1288,0.61,20.1,64.4,512.5
"escuela_009","Salto","publico","urbana",40.3,82.7,22.8,22,1200,0.48,33.3,66.6,545.8
"escuela_010","Colonia","privado","rural",73,90.5,1,21,1819,0.81,26.9,75.1,557.9
"escuela_011","Paysandú","privado","urbana",77.7,93.3,12.1,28,1188,0.42,29.9,70.8,573.2
"escuela_012","Tacuarembó","publico","rural",37,88.1,17.4,22,952,0.5,21.9,36.8,515.3
"escuela_013","Salto","publico","rural",72.9,82.9,13.2,30,1340,0.61,27.3,77.5,512.4
"escuela_014","Canelones","publico","rural",44.5,77.7,13.8,26,1325,0.7,35,52.1,446.5
"escuela_015","Canelones","publico","rural",43.8,84.5,23.7,19,1101,0.51,32.9,75.5,476.4
"escuela_016","Colonia","publico","rural",27,77.8,11.7,23,995,0.54,25.9,66.3,466.9
"escuela_017","Maldonado","publico","urbana",55.5,86.8,15.5,19,1343,0.8,30.7,50.5,516.6
"escuela_018","Tacuarembó","publico","urbana",42.2,85.3,11.3,36,1142,0.53,28.5,61.2,464.6
"escuela_019","Paysandú","privado","urbana",73.9,86.1,17,24,1481,0.62,23.4,51.8,537.6
"escuela_020","Rivera","publico","urbana",57.7,78.6,11.6,28,826,0.53,27.2,76.5,508.4
"escuela_021","Montevideo","publico","rural",60,84.9,16.1,27,1040,0.31,35.4,44.4,510.6
"escuela_022","Salto","publico","urbana",45.6,83.6,13.3,28,692,0.38,28,68.4,460.5
"escuela_023","Canelones","privado","urbana",45.7,77.5,28.3,22,1109,0.32,25.3,13.6,530.2
"escuela_024","Rivera","publico","urbana",60.5,90.2,24.2,25,1239,0.5,32.7,40.4,548.9
"escuela_025","Canelones","publico","rural",54.2,85.8,10.2,23,1173,0.82,29.7,50.1,508.7
"escuela_026","Rivera","publico","rural",66,88.1,10.7,26,1038,0.69,26.8,31.6,508.3
"escuela_027","Canelones","publico","rural",45.7,88.8,5.5,26,1150,0.72,30.5,78.9,574.3
"escuela_028","Paysandú","publico","urbana",62,93.2,7.5,22,1071,0.68,20,43.7,533
"escuela_029","Paysandú","publico","urbana",61.4,80.8,2.2,28,1409,0.75,32.6,23.5,518.8
"escuela_030","Salto","privado","urbana",62.3,99.1,17.9,16,1352,0.45,26.3,42.2,573.4
"escuela_031","Colonia","privado","urbana",47.2,82.6,8.2,24,1555,0.83,33,73,478
"escuela_032","Paysandú","publico","urbana",45.4,86.2,13.2,27,875,0.48,36.8,22.3,460.8
"escuela_033","Colonia","privado","rural",64.1,90.3,24.6,28,1543,0.56,32.5,44.8,591.2
"escuela_034","Maldonado","publico","urbana",56.9,84.5,17.9,27,842,0.58,29.8,64.8,498.9
"escuela_035","Salto","privado","rural",42.8,91.1,6.2,26,1216,0.61,24.2,30.6,455.4
"escuela_036","Maldonado","publico","rural",46.7,84.3,8.9,34,1454,0.66,23.8,60,490.2
"escuela_037","Maldonado","privado","urbana",53.3,85.5,2.9,25,1387,0.76,29.5,60,511.1
"escuela_038","Canelones","publico","rural",58.4,99.1,6.7,31,977,0.54,25.4,61.3,503.8
"escuela_039","Paysandú","privado","urbana",70.1,88.4,22.9,21,1583,0.5,28.2,78.7,611.8
"escuela_040","Salto","publico","urbana",48,88.2,16.8,24,1371,0.62,25,47.8,563.4
"escuela_041","Colonia","publico","rural",56.6,76.2,5.7,26,1301,0.48,36.4,47.6,511.2
"escuela_042","Canelones","publico","rural",35.8,85.5,17.6,22,960,0.66,27.8,41.9,514.2
"escuela_043","Canelones","publico","urbana",71.3,88.4,18.4,28,1793,0.99,30.8,79.2,532.1
"escuela_044","Paysandú","publico","rural",37.2,77.4,7.4,28,1018,0.36,30.7,42.3,450.7
"escuela_045","Salto","publico","rural",22.7,82.2,13.1,22,1033,0.51,30.5,69,516.2
"escuela_046","Paysandú","publico","urbana",42.2,80.9,14.6,27,801,0.4,25.6,59.7,440
"escuela_047","Paysandú","publico","urbana",50,81.6,16,29,1329,0.73,30.7,57.2,505.1
"escuela_048","Montevideo","publico","urbana",52.5,86.1,18.8,24,1149,0.53,32.6,95.5,496.5
"escuela_049","Salto","publico","urbana",43.8,86,17.2,22,1058,0.55,26.4,63.2,518.6
"escuela_050","Paysandú","publico","urbana",49.5,87.3,14.3,28,1442,0.67,40.9,46.1,552.9
"escuela_051","Montevideo","privado","rural",65.8,94.5,29.9,16,1698,0.54,29.1,22.7,574
"escuela_052","Paysandú","publico","urbana",58.6,84.4,13.6,33,1436,0.57,28.5,52.4,526.5
"escuela_053","Canelones","publico","urbana",56.5,86.9,3.6,26,1268,0.49,26.9,95.1,473.3
"escuela_054","Montevideo","publico","urbana",42.2,86.5,8.4,22,901,0.3,35.3,21.7,465.8
"escuela_055","Colonia","publico","urbana",58,91,11.7,25,878,0.42,40.7,80.6,543.8
"escuela_056","Tacuarembó","publico","rural",67.6,82.3,19.2,31,1335,0.47,27.4,68.4,550.9
"escuela_057","Maldonado","publico","rural",36.7,85.1,5.4,26,850,0.58,26.8,34.1,406.6
"escuela_058","Colonia","publico","urbana",81.9,90.2,5.8,27,1471,0.66,28,62.4,563.1
"escuela_059","Canelones","privado","urbana",81.1,82.8,12.3,26,1817,0.78,24.6,100,549.2
"escuela_060","Rivera","privado","urbana",51.3,79.7,17.7,28,1241,0.64,36.5,62.7,507.9
"escuela_061","Paysandú","publico","urbana",41.6,91.7,18.5,25,964,0.44,27,93.9,470.8
"escuela_062","Paysandú","privado","urbana",64.8,91.5,12,26,1396,0.72,24.1,29.7,517.9
"escuela_063","Maldonado","publico","rural",48,82.9,8.7,27,1524,0.84,24.9,51.4,504.6
"escuela_064","Paysandú","publico","urbana",42.2,86.7,27.2,28,1260,0.53,28.5,49.5,491.9
"escuela_065","Salto","publico","rural",38.9,84.4,16.7,29,967,0.38,24.2,73.4,442.1
"escuela_066","Colonia","publico","urbana",60.3,83.4,14.6,29,1509,0.92,31.2,47.3,513.4
"escuela_067","Tacuarembó","publico","urbana",58.9,91.2,17.5,28,1366,0.61,26.8,80,566.7
"escuela_068","Montevideo","publico","urbana",44.4,82.3,9.5,25,1034,0.56,33.8,44.4,469.2
"escuela_069","Colonia","publico","rural",41.4,86,15.3,29,972,0.63,33.6,53.9,504.2
"escuela_070","Montevideo","publico","rural",35.2,87.6,16.8,28,798,0.46,30.8,73.2,477.6
"escuela_071","Tacuarembó","privado","urbana",32.6,90.3,9.7,25,1407,0.48,31.3,82.8,501.2
"escuela_072","Maldonado","publico","rural",39.7,81.8,12.4,25,961,0.38,30.9,53.3,510.4
"escuela_073","Paysandú","publico","urbana",46.1,92.5,17.4,28,1140,0.41,28.8,26.2,530.4
"escuela_074","Paysandú","publico","urbana",53.5,97,4.6,25,1395,0.52,28.4,39.9,525.3
"escuela_075","Tacuarembó","privado","urbana",55.3,87.3,20.9,24,1763,0.99,31.2,62.3,516.7
"escuela_076","Montevideo","privado","urbana",75.7,84.5,12.9,19,1741,0.71,27.5,45.7,581.5
"escuela_077","Tacuarembó","publico","urbana",35.2,80.8,10.5,36,986,0.45,28.5,88,470.7
"escuela_078","Salto","publico","urbana",77.8,86.2,9.4,28,1697,0.78,28.3,87.7,573.8
"escuela_079","Montevideo","privado","rural",46.2,88.4,23.5,22,1291,0.45,29.1,34.4,500.4
"escuela_080","Rivera","privado","urbana",75.1,95.6,11.8,17,1262,0.51,25,23.3,588.8
"escuela_081","Salto","publico","rural",74.6,88.8,14.3,27,1214,0.57,30.8,41.1,576
"escuela_082","Montevideo","publico","rural",38.2,80.7,10.4,28,678,0.27,32.7,48.6,437.3
"escuela_083","Tacuarembó","publico","rural",42.8,82.9,8.5,28,952,0.37,33.7,25.1,507.7
"escuela_084","Tacuarembó","publico","urbana",45.5,91.5,17.5,27,1107,0.29,23,24.9,520.3
"escuela_085","Colonia","privado","urbana",70.4,81,13.6,22,1919,0.62,26.3,57.6,537.5
"escuela_086","Montevideo","privado","urbana",76.7,88.7,15.1,25,1752,0.84,35.3,35.6,557.9
"escuela_087","Colonia","privado","urbana",47.7,82.9,9.9,27,1532,0.64,37.8,56.6,498.8
"escuela_088","Salto","publico","urbana",40.7,89.6,19.9,24,1282,0.64,27.4,44.3,532.5
"escuela_089","Rivera","publico","urbana",35.5,86.4,17.2,26,832,0.08,30.1,62.6,492.6
"escuela_090","Paysandú","privado","urbana",75.1,87.3,16.5,18,1932,0.76,26.9,65.8,625.7
"escuela_091","Salto","publico","urbana",60.2,78.2,16.7,25,1225,0.7,21.3,68.2,528.1
"escuela_092","Paysandú","publico","urbana",45.1,86.9,21.3,21,1191,0.46,32.3,38.8,475.2
"escuela_093","Tacuarembó","publico","rural",33.7,78.7,18.8,24,968,0.65,26.4,87.5,445.2
"escuela_094","Colonia","privado","urbana",46,83.2,11,28,1274,0.58,31.8,25.1,532
"escuela_095","Maldonado","publico","urbana",64.6,95.3,16.3,31,1442,0.67,35.4,57.6,567.5
"escuela_096","Rivera","publico","rural",37.5,93.7,14.2,25,927,0.47,27.9,39.3,536.3
"escuela_097","Colonia","privado","urbana",79,94.5,24.6,24,1809,0.81,35.5,45.3,611
"escuela_098","Colonia","privado","urbana",96.9,91.8,6.2,24,1882,0.85,28,44.5,588.1
"escuela_099","Rivera","publico","urbana",73.8,85.6,15.6,38,1140,0.45,36.8,77.5,516.7
"escuela_100","Montevideo","privado","urbana",57.4,89.4,9.2,17,1029,0.55,33.3,39.1,520.7
"escuela_101","Salto","publico","rural",63.9,91.8,3.5,26,1140,0.4,30.5,66.4,497.9
"escuela_102","Maldonado","publico","urbana",45.6,90.1,11.1,28,1121,0.66,31.9,62.8,530.6
"escuela_103","Tacuarembó","privado","rural",66,81.5,8,19,1545,0.85,29.8,88.3,514.8
"escuela_104","Montevideo","publico","urbana",57.3,81.2,14.3,27,997,0.56,30.6,70.7,536.6
"escuela_105","Montevideo","publico","urbana",62.6,83.1,16.4,22,889,0.33,29.5,16,558.4
"escuela_106","Salto","publico","urbana",55.1,88.7,14.6,26,1170,0.48,27.1,69.7,541.3
"escuela_107","Rivera","publico","urbana",59.1,80.2,14,32,1216,0.36,36.3,76.4,491.5
"escuela_108","Paysandú","publico","rural",56.8,90.9,18.1,27,1468,0.8,25.6,39.4,459.4
"escuela_109","Montevideo","privado","rural",32.3,77,11.1,23,1337,0.57,33.3,68.8,462.3
"escuela_110","Maldonado","publico","urbana",51.2,88.4,1,27,1452,0.71,37.9,22.1,514.9
"escuela_111","Salto","publico","rural",53.3,86,20.8,22,1153,0.52,23.8,47.9,549.6
"escuela_112","Tacuarembó","publico","urbana",57.9,87.4,13.3,15,1086,0.43,25.8,56.4,570.3
"escuela_113","Montevideo","publico","rural",49.8,95.8,18.4,29,1186,0.48,25.3,62.6,567.9
"escuela_114","Colonia","publico","urbana",79.2,88.6,17.2,22,1367,0.65,30.1,63.4,607.7
"escuela_115","Paysandú","privado","rural",60.2,87.2,13.2,10,1540,0.64,27.9,71.7,565.6
"escuela_116","Paysandú","publico","rural",49.3,84.4,18,26,817,0.44,33.5,43.5,530.1
"escuela_117","Salto","publico","urbana",53.3,90.3,6.3,22,1071,0.46,34.8,32.4,488.5
"escuela_118","Paysandú","privado","urbana",100,98.2,16.9,23,1576,0.67,36.7,68.9,635.2
"escuela_119","Paysandú","publico","rural",39.3,80.1,21.6,25,923,0.67,28.2,54.3,491.7
"escuela_120","Montevideo","publico","urbana",70.3,89.6,23.2,28,1503,0.69,29.6,39.3,575.5
"escuela_121","Canelones","publico","urbana",70.9,80.1,11.2,32,498,0.36,29.9,74.2,496.2
"escuela_122","Salto","privado","rural",51.6,94.2,12.2,18,1323,0.64,25.4,51.1,563.9
"escuela_123","Maldonado","privado","rural",79.3,91.5,20.4,26,1657,0.76,24.6,65.4,591.5
"escuela_124","Rivera","privado","rural",70.3,95.8,10.7,22,1382,0.75,25.1,50.6,548.8
"escuela_125","Paysandú","publico","rural",62.1,85,17.3,24,924,0.54,29.2,70.8,576.9
"escuela_126","Maldonado","privado","urbana",44.5,87.1,12.6,20,1815,0.59,28.6,74.6,514.3
"escuela_127","Paysandú","publico","rural",37.2,91,9.9,24,1160,0.66,30.4,43.4,486
"escuela_128","Montevideo","publico","rural",42.6,88.3,14.3,24,804,0.38,29,53.4,515.8
"escuela_129","Maldonado","publico","rural",50.6,90.7,13.1,20,1168,0.62,25.2,70.4,521.4
"escuela_130","Rivera","publico","urbana",54.1,93,11.5,24,1039,0.47,22.3,67.6,508.3
"escuela_131","Paysandú","publico","urbana",52.9,85,10.5,29,918,0.36,25.5,57.7,555
"escuela_132","Canelones","publico","urbana",63.4,88.2,18.2,25,1352,0.56,32.7,49.7,563.7
"escuela_133","Salto","publico","urbana",67.8,88.4,24.7,23,1433,0.56,24.2,68.7,542.5
"escuela_134","Canelones","publico","urbana",78.3,86.8,11.6,29,1142,0.53,31.2,35.9,529.4
"escuela_135","Montevideo","privado","urbana",77.5,78.7,6.9,18,2200,0.89,27.7,34.5,568
"escuela_136","Salto","publico","rural",31.7,81.6,8.6,23,713,0.27,28.2,27.6,460.5
"escuela_137","Canelones","privado","rural",42.8,93,15.2,24,1590,0.79,32.4,69.4,509.3
"escuela_138","Salto","publico","rural",66.7,99.4,14.1,24,1267,0.68,28,88.5,581
"escuela_139","Paysandú","publico","rural",42.5,80.4,7.5,27,957,0.45,32.6,62.4,422.7
"escuela_140","Canelones","publico","urbana",60,84,15.4,21,1181,0.37,35.4,79.1,521
"escuela_141","Salto","publico","urbana",60.6,76.9,13.4,24,1522,0.57,34.7,72.3,491.7
"escuela_142","Paysandú","privado","rural",71.3,89.7,15.9,28,1937,0.9,26.1,40.9,552.1
"escuela_143","Tacuarembó","publico","urbana",49.1,83.5,13.3,26,1113,0.52,30.8,57.7,511
"escuela_144","Maldonado","privado","rural",57.4,80.8,5.2,27,1742,0.87,30.9,33.5,550.8
"escuela_145","Montevideo","publico","urbana",61.1,85.8,22.3,22,1202,0.51,25.1,72.2,551.5
"escuela_146","Montevideo","publico","rural",37,80,22.2,22,1210,0.55,28.4,70.5,502.6
"escuela_147","Montevideo","privado","urbana",65.8,92.6,14.2,23,1582,0.53,33.9,61.2,543.2
"escuela_148","Montevideo","publico","urbana",46.8,88,23.3,31,1441,0.79,33.1,52.6,536.6
"escuela_149","Colonia","privado","urbana",53.6,87.1,19.5,19,1103,0.53,30.9,62.8,545.5
"escuela_150","Montevideo","publico","urbana",57.3,91.5,8,24,1479,0.67,31.2,28.4,552.4
"escuela_151","Paysandú","privado","rural",68.3,90.6,19,27,1678,0.54,27.7,60.4,525.8
"escuela_152","Salto","publico","urbana",56.4,75.1,7.3,29,1413,0.71,32.1,94.5,485.9
"escuela_153","Maldonado","publico","urbana",59.7,88.6,12,26,1608,0.52,31.5,41,520.4
"escuela_154","Paysandú","publico","urbana",53.7,89.1,16.9,26,1392,0.98,30.6,26.1,474
"escuela_155","Canelones","publico","rural",45.5,87.4,22,31,1544,0.75,34.9,42,510.9
"escuela_156","Salto","publico","urbana",33,81.5,9.4,36,1113,0.39,27.9,74.1,430.6
"escuela_157","Salto","publico","urbana",72,89.1,15.4,27,893,0.41,26.4,58,517.8
"escuela_158","Colonia","privado","rural",82.4,88.6,21.2,26,1640,0.72,30.3,38.9,569.8
"escuela_159","Montevideo","publico","urbana",67.1,82.1,14.2,28,1508,0.68,27.6,35.3,530.1
"escuela_160","Maldonado","publico","urbana",63.3,97.4,3.2,29,1120,0.56,25.3,44.2,499.6
"escuela_161","Canelones","privado","rural",63.2,79.7,19.6,26,1678,0.73,23.3,78.6,550.7
"escuela_162","Canelones","privado","urbana",63.3,84.2,17.7,24,1474,0.61,29.4,65.4,536.4
"escuela_163","Montevideo","privado","rural",64.7,93.6,19.6,25,1704,0.78,35.2,40.3,610.2
"escuela_164","Canelones","publico","urbana",47.3,77.8,13.7,30,1093,0.54,32.2,72,483.1
"escuela_165","Maldonado","publico","urbana",64.8,91.1,21.3,34,1241,0.5,32.6,41.2,483.9
"escuela_166","Canelones","publico","rural",53.6,85,15,33,1287,0.57,32.3,49.3,508.6
"escuela_167","Paysandú","publico","urbana",55.1,84.9,14.3,19,1489,0.68,25,69.4,519.4
"escuela_168","Canelones","publico","urbana",51.4,76.7,13.5,24,1035,0.47,24.8,71.3,438.8
"escuela_169","Paysandú","publico","rural",52.2,82.9,27.9,40,875,0.37,32.1,15,511.7
"escuela_170","Maldonado","publico","urbana",65.1,89.8,19,31,1508,0.79,28.6,82.1,538.7
"escuela_171","Colonia","publico","rural",67.8,86,1,18,969,0.51,25.4,65.9,482.3
"escuela_172","Rivera","privado","rural",42.8,91.5,11.3,25,1477,0.73,26.3,51.9,522
"escuela_173","Rivera","publico","rural",39.6,85.5,18.6,26,1195,0.64,27.7,35.6,505.2
"escuela_174","Paysandú","publico","rural",71.9,88.3,10.2,34,1368,0.77,36.5,48.8,523.7
"escuela_175","Canelones","publico","rural",45.7,85.3,9,24,1490,0.76,25,50.4,531.2
"escuela_176","Rivera","publico","urbana",77.5,91,9.3,25,1343,0.46,31.4,37.3,548.4
"escuela_177","Maldonado","privado","urbana",57.8,93.4,16.1,31,1793,0.6,29.2,58.6,535.4
"escuela_178","Salto","publico","rural",64.5,91.9,10.8,24,1566,0.67,37.2,73.3,567.3
"escuela_179","Salto","publico","urbana",43,89.6,13.9,24,1047,0.61,24.7,72.7,520.1
"escuela_180","Colonia","publico","urbana",42.8,93.2,13.2,21,1181,0.63,25.4,31.8,578
"escuela_181","Salto","privado","rural",66.1,85.7,13.1,18,1442,0.8,27.1,48.9,529.6
"escuela_182","Paysandú","publico","urbana",51.2,86.1,10.8,20,1403,0.6,22.6,32.5,520.9
"escuela_183","Canelones","publico","urbana",39.4,94.5,9.3,29,1181,0.44,28.3,61.7,514.8
"escuela_184","Paysandú","publico","urbana",39.5,82.7,23.2,25,655,0.22,25.1,56.5,446.5
"escuela_185","Salto","privado","urbana",73.3,92.2,19.3,28,1705,0.91,26.9,79.3,523.8
"escuela_186","Tacuarembó","publico","urbana",39.8,86.7,14.8,25,1139,0.75,35.4,37.9,476
"escuela_187","Paysandú","publico","rural",62.2,97.6,14.8,27,1427,0.55,30.2,27.6,619.7
"escuela_188","Canelones","privado","urbana",87.1,97.9,15.4,19,1812,0.7,34.4,41.7,601.5
"escuela_189","Colonia","publico","urbana",38.1,86.2,25.1,29,768,0.68,29.8,70,490.9
"escuela_190","Rivera","publico","urbana",30.5,87.3,11.8,35,920,0.36,26.7,62.4,486.3
"escuela_191","Tacuarembó","privado","urbana",38.3,70.1,7.1,24,1764,0.66,30.6,76.6,469.9
"escuela_192","Tacuarembó","publico","urbana",65.9,87.5,14.4,31,1036,0.38,28.9,47.9,549.3
"escuela_193","Colonia","publico","urbana",39.8,88.6,17.4,27,805,0.28,32.6,39.3,468.3
"escuela_194","Montevideo","publico","urbana",69.2,100,14.8,27,1202,0.49,26.7,100,590.1
"escuela_195","Paysandú","publico","urbana",52.1,87.1,11.5,23,613,0.57,31.3,45.4,463.2
"escuela_196","Salto","publico","urbana",36.3,88,19.2,22,712,0.34,26.2,47.6,511.3
"escuela_197","Salto","publico","urbana",42.7,85.9,23.1,19,672,0.18,32.1,84.5,480.3
"escuela_198","Colonia","privado","urbana",69.7,81.9,14.3,18,1893,0.87,28.7,19.8,568.1
"escuela_199","Salto","publico","urbana",83.2,90,25.2,30,1632,0.48,34.4,50.3,604
"escuela_200","Colonia","privado","urbana",74.2,91.8,5.6,26,1438,0.56,29.7,64.2,543.4
"escuela_201","Colonia","publico","rural",25.5,85.2,9.2,28,1005,0.65,31.9,83.4,492.1
"escuela_202","Maldonado","publico","urbana",48,89.7,20.8,28,1021,0.48,35,57.5,503.6
"escuela_203","Maldonado","publico","urbana",38.3,85,10.6,27,1029,0.22,32.7,58.9,529.3
"escuela_204","Rivera","publico","urbana",40,83,20.9,23,1363,0.78,30.6,29.7,451.1
"escuela_205","Colonia","publico","urbana",65.4,92.8,10,24,822,0.26,25.2,77.3,517
"escuela_206","Rivera","publico","rural",41.9,78.9,21.4,30,981,0.47,31.7,44,488.8
"escuela_207","Rivera","privado","rural",77.1,92.7,11.7,21,1787,0.82,24.4,48.7,602.8
"escuela_208","Rivera","publico","urbana",58.4,87.7,13.8,28,756,0.24,33.8,58.1,520.2
"escuela_209","Montevideo","publico","urbana",55.7,73.7,16.1,24,1186,0.47,27.5,50.5,510.3
"escuela_210","Paysandú","privado","urbana",92.2,87.9,6.5,16,2048,0.85,31.1,72.5,630.6
"escuela_211","Colonia","publico","urbana",47.5,92.4,13.7,32,1055,0.46,26.2,39.1,456.2
"escuela_212","Salto","publico","rural",52.6,76.1,14.1,27,1157,0.59,30.5,48.6,536.4
"escuela_213","Maldonado","publico","urbana",100,98.5,21.4,26,1575,0.7,30.2,90.1,622.4
"escuela_214","Paysandú","publico","urbana",50,93.4,7.7,29,1170,0.38,29.6,69.9,530.8
"escuela_215","Maldonado","privado","urbana",94,96.5,21.7,34,2000,0.69,28.2,51,605.2
"escuela_216","Tacuarembó","publico","urbana",32.8,84.1,13.4,27,930,0.41,24.2,57.3,493.1
"escuela_217","Paysandú","publico","urbana",58.9,84.3,11.8,34,765,0.44,40.5,41.9,481.3
"escuela_218","Rivera","publico","rural",40.3,77.5,19.6,31,1361,0.81,25.5,84.3,478.2
"escuela_219","Maldonado","privado","rural",40.7,84.9,15.8,20,1214,0.77,32.5,50.3,520.8
"escuela_220","Maldonado","publico","urbana",46.3,84.7,19.3,30,975,0.49,26.5,40.3,551.5
"escuela_221","Tacuarembó","publico","urbana",87.6,99.5,23.7,28,1356,0.39,24.8,46.5,597.2
"escuela_222","Paysandú","publico","urbana",52.3,87.7,13.7,31,1188,0.67,35.9,40.1,529.8
"escuela_223","Canelones","publico","rural",40.1,82.6,3.5,30,1003,0.63,28.1,54.4,436.8
"escuela_224","Rivera","publico","urbana",69.8,93.2,10.9,25,1383,0.59,29.4,46.4,577.1
"escuela_225","Maldonado","privado","urbana",59.3,91.3,12.7,16,1448,0.69,37.7,69.3,538
"escuela_226","Tacuarembó","publico","urbana",58.3,84.6,14.5,29,1205,0.47,32.9,57.2,540.7
"escuela_227","Maldonado","privado","urbana",72.9,90.8,4.7,24,1734,0.75,31.3,33.5,575.6
"escuela_228","Salto","privado","rural",56.1,83.7,9.7,20,1688,0.78,28,81.5,561.6
"escuela_229","Canelones","publico","rural",42.7,82.1,11.2,30,930,0.58,29,71.9,465.3
"escuela_230","Colonia","privado","urbana",92.3,86,12.7,22,1911,0.88,29,59.3,591.5
"escuela_231","Colonia","publico","urbana",52.8,84.5,10.2,35,1240,0.63,28.4,64,480.4
"escuela_232","Canelones","publico","urbana",85.5,84.8,10.9,28,1429,0.5,35.8,75.2,539.7
"escuela_233","Salto","publico","urbana",52.2,90.6,24.6,25,1081,0.69,30,62.5,503.7
"escuela_234","Rivera","privado","urbana",65.5,91,12.9,29,1843,0.51,26.9,75.6,527.4
"escuela_235","Maldonado","publico","rural",39.4,84.6,6.2,16,1085,0.42,33.7,68.5,519.4
"escuela_236","Rivera","privado","rural",21.6,91.5,7.6,22,612,0.5,30.5,52.9,411
"escuela_237","Salto","privado","urbana",42.4,88,14.2,27,1363,0.54,22.6,76.5,478.8
"escuela_238","Paysandú","publico","urbana",53.7,90,25.2,27,1056,0.47,26.3,23,514.7
"escuela_239","Colonia","publico","urbana",44.7,83.7,17.7,27,1116,0.82,27.7,56.3,515.8
"escuela_240","Rivera","publico","urbana",76.9,96,6.3,30,1444,0.77,31.7,47.2,512.3
"escuela_241","Montevideo","privado","urbana",73.7,89.2,13.7,17,1769,0.6,26.9,68.4,603.4
"escuela_242","Paysandú","publico","urbana",48,83.7,9.4,25,1258,0.53,29.9,58.3,491.6
"escuela_243","Rivera","publico","rural",62.5,91.9,7.1,25,989,0.39,25.8,77.4,539.8
"escuela_244","Salto","publico","urbana",44.9,81.7,14.5,25,726,0.42,34.6,57.1,463
"escuela_245","Rivera","publico","urbana",57.4,81.6,28.6,32,1153,0.39,29.6,60.9,508.2
"escuela_246","Rivera","privado","urbana",78,95.6,22.5,20,1657,0.69,29.6,65.4,619.7
"escuela_247","Paysandú","privado","urbana",69.6,93.2,5.6,22,1805,0.95,25.8,81.5,578
"escuela_248","Rivera","publico","urbana",51.8,91.6,16.4,23,1411,0.72,28.7,44.9,521.1
"escuela_249","Canelones","privado","urbana",65.2,91.1,17.7,15,1578,0.76,33.3,87.4,537.9
"escuela_250","Canelones","publico","rural",42.7,86.5,19.4,36,669,0.32,26.7,43,500.4
"escuela_251","Colonia","privado","urbana",89.5,85.4,16.6,26,2119,0.85,28.1,35.3,599.5
"escuela_252","Rivera","publico","rural",48.2,83.3,23.1,26,1193,0.62,28.9,76.5,448.1
"escuela_253","Rivera","privado","urbana",56.1,85.6,6.4,25,1482,0.5,21.6,63.5,467.7
"escuela_254","Canelones","publico","urbana",47.6,90.8,18.8,27,1249,0.28,30.1,46.5,494
"escuela_255","Tacuarembó","publico","urbana",40.7,84.3,11.9,25,1040,0.47,21.3,78.9,486.2
"escuela_256","Montevideo","publico","urbana",61.1,90.7,11,22,1743,0.72,36.6,65.4,503.7
"escuela_257","Colonia","publico","urbana",50.9,89.3,20.5,25,998,0.59,29.7,40.5,521.8
"escuela_258","Montevideo","publico","urbana",59,85.4,26.7,20,1223,0.51,28.1,60.5,547.8
"escuela_259","Maldonado","privado","rural",66.3,81.2,16.4,15,1369,0.54,29.1,54.2,567.9
"escuela_260","Tacuarembó","privado","rural",19.3,82.3,18.7,15,876,0.52,32.6,35.8,474
"escuela_261","Canelones","publico","urbana",42.6,83.7,11.4,23,1215,0.49,29.2,66.2,503.7
"escuela_262","Paysandú","publico","urbana",85.2,81.7,15.5,26,1721,0.94,30.8,59.8,578
"escuela_263","Colonia","publico","urbana",57.8,85.2,5.7,22,1348,0.5,32,59.2,560.8
"escuela_264","Montevideo","publico","urbana",53,92.9,15.1,32,835,0.54,27.5,42,523.4
"escuela_265","Canelones","publico","rural",55.3,83.1,22.9,24,1257,0.34,27.6,54.1,535
"escuela_266","Tacuarembó","publico","urbana",62.9,84.1,22.5,23,1016,0.69,32.1,48.2,480.3
"escuela_267","Montevideo","publico","urbana",36.5,93.6,13.3,28,1085,0.51,30.8,38.2,511.8
"escuela_268","Tacuarembó","privado","urbana",69.1,88.5,14.9,23,1164,0.31,31.2,52.6,536.1
"escuela_269","Paysandú","publico","urbana",65.2,79.5,5.6,22,1522,0.51,37.3,31,501.8
"escuela_270","Paysandú","privado","urbana",72.3,82.3,1.5,29,2081,0.86,31.6,56.4,513.6
"escuela_271","Colonia","publico","rural",44.5,96.3,17.6,27,1103,0.75,23.1,24.8,525.2
"escuela_272","Salto","privado","rural",58.9,92.8,9.3,28,1840,0.72,35.7,54.1,595.2
"escuela_273","Canelones","publico","urbana",40.4,84.4,14.5,30,866,0.43,20.8,55.9,500
"escuela_274","Rivera","publico","rural",43.5,75.8,17.8,31,1016,0.61,30.6,10,455.7
"escuela_275","Tacuarembó","publico","rural",53.6,77.1,22.7,22,1326,0.61,31.3,90.8,536.1
"escuela_276","Tacuarembó","privado","urbana",59.6,80.4,21.7,19,1563,0.66,29,63.4,546.4
"escuela_277","Canelones","privado","urbana",69.4,81.1,19.8,22,1361,0.62,25.8,41.1,550.5
"escuela_278","Colonia","privado","urbana",72.4,86.8,12,16,1631,0.68,29.6,87.8,535.1
"escuela_279","Canelones","publico","urbana",68.3,94,20.6,29,1199,0.59,29.8,82.7,553.1
"escuela_280","Salto","privado","rural",39.5,82.8,8.8,25,1274,0.65,28.9,24.5,503.8
"escuela_281","Colonia","publico","rural",49.8,82.2,8.6,27,1283,0.4,28.4,54.3,550.5
"escuela_282","Colonia","publico","rural",62,81.4,6.6,19,1558,0.65,29.5,39.6,497.8
"escuela_283","Rivera","publico","rural",52.6,80.3,14.2,25,1189,0.46,23.8,65.3,506.7
"escuela_284","Colonia","publico","urbana",28.9,82,17.6,30,1006,0.56,35.5,19.6,451.6
"escuela_285","Montevideo","privado","rural",60.7,80.9,20.6,20,1716,0.74,33.1,83.2,583.2
"escuela_286","Salto","publico","rural",65.9,96.4,20.2,27,1262,0.43,28,32.3,554.2
"escuela_287","Paysandú","publico","rural",34.1,83.2,15,28,1460,0.71,27.7,47.2,465
"escuela_288","Canelones","publico","rural",50.1,91.1,12.1,33,1181,0.3,29.7,62.5,497.4
"escuela_289","Maldonado","publico","urbana",44.9,82.4,14.1,27,1140,0.66,30.7,78.6,422
"escuela_290","Paysandú","publico","rural",62.6,87.8,17.3,25,1601,0.52,30.4,48.2,581.8
"escuela_291","Montevideo","privado","urbana",85.3,84.7,20.7,25,1289,0.81,25.6,50.6,609.8
"escuela_292","Canelones","publico","rural",52.2,82.4,10.1,22,1239,0.51,33.1,77.8,485.3
"escuela_293","Rivera","privado","urbana",76,86.5,7.2,10,1615,0.66,32.5,87.6,606.6
"escuela_294","Colonia","publico","urbana",53.4,85.6,2.3,27,1027,0.36,29.6,70.6,521.1
"escuela_295","Rivera","privado","urbana",99.5,92.1,6.1,19,1880,0.59,30.2,56.8,573.6
"escuela_296","Maldonado","publico","urbana",69.3,88.9,9.7,23,1842,0.82,29.8,57.4,501.8
"escuela_297","Tacuarembó","publico","urbana",36.4,88.7,10.6,34,1091,0.35,30.9,42.1,487.3
"escuela_298","Salto","publico","urbana",35.8,80.8,15.5,30,915,0.56,29.4,28.1,417
"escuela_299","Paysandú","privado","urbana",68.8,92.9,9,27,1370,0.38,35.1,80.7,568.4
"escuela_300","Maldonado","publico","rural",43.3,88,12.3,35,1502,0.59,23.9,55.1,469.1
"escuela_301","Salto","privado","rural",65.4,80.1,7.8,18,1395,0.7,32.8,77,494.5
"escuela_302","Canelones","publico","urbana",49.1,79.5,7.3,27,1200,0.54,32.2,91.2,525.4
"escuela_303","Paysandú","publico","urbana",47.2,93.7,12,32,1265,0.67,27.6,55.4,518.3
"escuela_304","Salto","publico","urbana",68.6,88.9,5.7,29,1442,0.67,26.4,64.2,525.4
"escuela_305","Canelones","privado","rural",74.8,87.1,9.7,21,1544,0.69,30,37.2,542.4
"escuela_306","Tacuarembó","publico","urbana",64.8,88.9,28.6,27,1063,0.74,31.5,63.2,558.6
"escuela_307","Paysandú","publico","urbana",54.6,80,15.1,21,916,0.34,34,47.5,516.6
"escuela_308","Rivera","publico","rural",59.7,85.9,10.3,32,1275,0.58,29.2,38,534.4
"escuela_309","Tacuarembó","publico","urbana",33.2,88,13.7,31,1029,0.41,32.7,53.5,487.3
"escuela_310","Montevideo","publico","urbana",35.9,82.2,18.2,23,950,0.38,24.5,35.2,432.7
"escuela_311","Montevideo","publico","rural",64.5,84.3,15.8,34,968,0.45,26,60.2,470.5
"escuela_312","Rivera","publico","urbana",48.7,82.2,12.7,34,772,0.3,27.6,57.7,451.7
"escuela_313","Canelones","publico","urbana",59,94.2,5.4,20,1453,0.74,29,68.2,590.8
"escuela_314","Salto","publico","rural",73.6,91,12.3,36,1322,0.71,29.6,62.1,561.8
"escuela_315","Maldonado","publico","urbana",49.2,78.6,20.9,26,1136,0.59,27.5,31.9,521.3
"escuela_316","Colonia","privado","urbana",54.4,83.2,14.6,30,1702,0.51,31.5,13.8,510.6
"escuela_317","Tacuarembó","publico","urbana",13.5,72.5,16.3,18,893,0.4,35,74.5,453.4
"escuela_318","Paysandú","publico","urbana",52.4,86.5,14.4,27,933,0.52,27.2,70,477.7
"escuela_319","Tacuarembó","publico","rural",45.4,87,17.6,28,816,0.41,28,63.6,497.9
"escuela_320","Rivera","publico","urbana",68.4,86.6,25.2,25,931,0.64,22.4,34.9,579.6
"escuela_321","Montevideo","privado","urbana",61.6,81.7,17.2,25,1341,0.56,28.4,39,488.3
"escuela_322","Paysandú","publico","urbana",50.8,77.4,5.1,22,1152,0.53,32.4,41.9,526.1
"escuela_323","Rivera","publico","rural",46.1,83,16,25,1153,0.58,27.4,56.4,504.5
"escuela_324","Canelones","publico","urbana",59.8,75.5,11.6,22,984,0.54,24.3,82,526.9
"escuela_325","Maldonado","publico","urbana",63.9,92.5,14.6,28,1572,0.74,24.7,82.6,548.1
"escuela_326","Maldonado","privado","rural",52.4,82.9,10.2,22,1574,0.63,32.5,61.2,532.1
"escuela_327","Colonia","publico","urbana",59,73.7,21.5,27,1713,0.91,34.5,36.6,519.2
"escuela_328","Salto","publico","urbana",59.9,92.3,13.9,31,1379,0.68,26.8,71.7,516.5
"escuela_329","Montevideo","privado","urbana",70,89.9,17.1,21,1624,0.76,33.4,50.2,548.5
"escuela_330","Paysandú","publico","urbana",74.7,74.9,11.4,25,1554,0.57,27.3,30.6,528.4
"escuela_331","Maldonado","privado","rural",37.1,83.5,28.7,23,1433,0.53,26.3,37.5,521.9
"escuela_332","Tacuarembó","publico","rural",56.6,81.7,13.2,26,1286,0.52,34.4,43.7,537.4
"escuela_333","Rivera","publico","urbana",72.2,95,16.7,31,1607,0.63,35.2,49.2,569.4
"escuela_334","Colonia","publico","urbana",37.6,94.5,12,32,1347,0.72,29.3,79.3,499.7
"escuela_335","Montevideo","publico","rural",50,86.9,11,37,1133,0.65,24.6,69.6,490.5
"escuela_336","Canelones","privado","urbana",55.4,91.7,14.3,21,1533,0.78,30.6,51.4,546.2
"escuela_337","Canelones","privado","urbana",64,94.9,21.5,32,1699,0.73,24.7,86.6,568.1
"escuela_338","Colonia","publico","urbana",55.5,84.5,23.4,28,1036,0.42,30.9,83.1,525.5
"escuela_339","Salto","publico","urbana",52.7,88.9,13,17,1476,0.47,34.8,55,540.9
"escuela_340","Paysandú","publico","urbana",82.4,88.2,14.1,20,1605,0.55,29.2,50.2,579
"escuela_341","Rivera","publico","rural",46.7,82.9,20.9,21,861,0.63,29.4,74.9,468.7
"escuela_342","Rivera","publico","urbana",36,86.6,23.2,21,934,0.37,22.3,100,503.5
"escuela_343","Maldonado","publico","urbana",44.4,84.3,11.7,28,1094,0.41,27.7,10.6,486.6
"escuela_344","Paysandú","publico","rural",43.5,90,13,35,1309,0.54,35.8,44.9,540.3
"escuela_345","Colonia","publico","rural",41.7,83.5,21.1,28,1260,0.47,24.3,46.7,491.7
"escuela_346","Salto","publico","rural",56.7,81.8,16.3,25,1473,0.56,31.3,83.4,500.4
"escuela_347","Salto","publico","rural",38.4,87.6,8.7,23,1354,0.83,26.6,81.9,433.6
"escuela_348","Salto","privado","rural",69.7,92.5,18.7,30,1717,0.66,25.9,55.5,565.3
"escuela_349","Canelones","privado","rural",57.4,79.3,1,20,1541,0.63,35.8,43.3,437.5
"escuela_350","Canelones","privado","urbana",52.9,79.6,19.5,27,1465,0.65,21.4,47,480.2
"escuela_351","Salto","publico","urbana",54.1,87.1,16.9,21,1111,0.77,36.6,63.6,469.5
"escuela_352","Colonia","publico","urbana",46.2,86.5,17.1,24,1416,0.59,24.8,64.4,506.1
"escuela_353","Maldonado","publico","urbana",55.2,83.8,17.7,20,1648,0.75,24.1,30.2,555.5
"escuela_354","Colonia","publico","urbana",77.8,96.4,11.9,24,1649,0.76,31.2,57.2,608.7
"escuela_355","Salto","publico","urbana",53.7,78.3,13.5,33,1317,0.57,30.5,62.6,463.1
"escuela_356","Rivera","publico","rural",45.8,78.4,8.6,25,1554,0.43,26.4,52.4,496.1
"escuela_357","Salto","publico","rural",27.4,82,5.8,30,885,0.62,24.9,63.8,421.3
"escuela_358","Canelones","publico","urbana",58.1,87.9,17.7,18,871,0.43,26,37.4,547.1
"escuela_359","Montevideo","privado","rural",59.5,81.4,7.7,21,1077,0.58,34.5,47.6,494.1
"escuela_360","Montevideo","publico","urbana",75.7,93.9,22.1,27,1263,0.5,29.4,99.4,597.8
"escuela_361","Tacuarembó","publico","urbana",27.7,82.3,21.2,24,818,0.5,35.7,69,441.2
"escuela_362","Rivera","publico","rural",36.3,79.1,12.4,30,919,0.57,32.8,54.5,460.1
"escuela_363","Paysandú","publico","rural",40.6,80.2,15,22,956,0.66,31.8,76.3,458.6
"escuela_364","Paysandú","privado","rural",63,83,23,25,1507,0.57,34.4,61.4,528.2
"escuela_365","Colonia","publico","rural",39.3,87,14.6,28,760,0.44,27.4,63.4,506.2
"escuela_366","Canelones","publico","urbana",57.8,81.7,17.7,30,1447,0.63,32.8,90.9,561.7
"escuela_367","Colonia","publico","rural",82.6,89.5,18.3,32,1286,0.55,33.2,25.8,563.9
"escuela_368","Canelones","privado","urbana",63.6,81.1,22.3,28,1533,0.57,27.2,69.6,552.2
"escuela_369","Canelones","publico","rural",49.4,86.1,12.1,33,914,0.54,39,31.9,506
"escuela_370","Rivera","publico","rural",37.6,85.7,14.6,28,515,0.38,32.9,27.8,443.2
"escuela_371","Tacuarembó","publico","urbana",70.2,94.6,11.1,21,1352,0.85,30.9,23.4,523.9
"escuela_372","Montevideo","privado","urbana",51.7,85.8,5.7,28,1642,0.47,31.6,49.6,519.2
"escuela_373","Montevideo","privado","urbana",63,91.5,1,32,1439,0.89,30.8,44.3,524.1
"escuela_374","Rivera","publico","urbana",58.7,78.3,9.4,29,1528,0.61,35.8,73.4,508.8
"escuela_375","Montevideo","publico","urbana",67,89.5,14.4,24,1386,0.77,28.3,77.5,544.5
"escuela_376","Maldonado","publico","urbana",58.5,86.9,9.9,28,796,0.45,32.6,38.5,461.8
"escuela_377","Canelones","publico","urbana",64,94.3,13.8,24,1505,0.74,26.4,53.3,598.2
"escuela_378","Rivera","publico","urbana",35.4,77.4,15,28,1448,0.68,21,10,454
"escuela_379","Salto","publico","urbana",46.9,89.7,20.3,28,907,0.62,25,35.7,530.5
"escuela_380","Maldonado","publico","urbana",53.7,84.5,3.1,17,934,0.4,35.3,84.8,486.9
"escuela_381","Rivera","publico","urbana",69.7,88.3,27,35,1305,0.69,34.3,61.9,565.9
"escuela_382","Tacuarembó","privado","urbana",68.8,87.9,14.7,26,1691,0.56,29,52.2,546.8
"escuela_383","Colonia","privado","urbana",65.5,88.9,19.8,26,1545,0.59,31.1,44.9,571
"escuela_384","Montevideo","publico","urbana",56.1,83.7,3.3,25,1132,0.61,23.9,37.2,518.8
"escuela_385","Maldonado","publico","rural",32.8,85.9,23.3,23,908,0.51,29.9,42.3,494.3
"escuela_386","Paysandú","privado","urbana",49.1,88.1,14.6,28,1586,0.68,30.4,66.6,506
"escuela_387","Colonia","publico","urbana",61,86.1,11,20,1335,0.6,26.7,60.7,523.5
"escuela_388","Colonia","publico","urbana",42.3,83.4,10.3,33,1117,0.56,30.8,94.2,469.5
"escuela_389","Canelones","publico","urbana",59,97.3,13.4,17,1257,0.7,28,54.1,546
"escuela_390","Salto","publico","urbana",37.2,79.2,9.1,29,987,0.28,29.4,63.3,454.7
"escuela_391","Canelones","publico","urbana",44.7,84.3,10.1,22,1119,0.57,27.1,42.8,489.7
"escuela_392","Canelones","publico","urbana",55.8,89.7,3.1,22,1473,0.47,30.5,50.2,541.8
"escuela_393","Montevideo","publico","urbana",39.1,85.9,12.5,23,1261,0.76,34.2,64.8,500.3
"escuela_394","Maldonado","publico","urbana",52.7,93,8.2,28,897,0.57,32.3,76.5,496.5
"escuela_395","Maldonado","publico","urbana",58.2,89.2,6.7,34,1369,0.59,28.5,90.6,532.9
"escuela_396","Rivera","privado","urbana",91.5,94,9.6,24,1602,0.85,31.3,48.9,612.1
"escuela_397","Rivera","privado","urbana",59.7,91.9,18.8,29,1457,0.6,28.1,36.2,531.2
"escuela_398","Montevideo","publico","rural",54.3,79.1,10.1,29,1385,0.37,23,47,503.3
"escuela_399","Montevideo","publico","urbana",64.9,87.3,23.8,15,1299,0.43,22.6,76.6,565
"escuela_400","Maldonado","publico","urbana",87.7,93.2,27,28,1685,0.73,24,68.2,603.1
